Handle,Title,Body (HTML),Vendor,Product Category,Type,Tags,Published,Option1 Name,Option1 Value,Option2 Name,Option2 Value,Option3 Name,Option3 Value,Variant SKU,Variant Grams,Variant Inventory Tracker,Variant Inventory Qty,Variant Inventory Policy,Variant Fulfillment Service,Variant Price,Variant Compare At Price,Variant Requires Shipping,Variant Taxable,Variant Barcode,Image Src,Image Position,Image Alt Text,Gift Card,SEO Title,SEO Description,Google Shopping / Google Product Category,Google Shopping / Gender,Google Shopping / Age Group,Google Shopping / MPN,Google Shopping / Condition,Google Shopping / Custom Product,Google Shopping / Custom Label 0,Google Shopping / Custom Label 1,Google Shopping / Custom Label 2,Google Shopping / Custom Label 3,Google Shopping / Custom Label 4,Variant Image,Variant Weight Unit,Variant Tax Code,Cost per item,Status,Collection
luma-shimmer-oil,Luma shimmer oil,"<p><span>Step into summer with Luma – designed to make you glow, smell irresistible, and feel effortlessly fresh all day.</span></p>
<ul>
<li><span>Scented Shimmer Oil  – A lightweight gel base infused with a shimmering mix of gold, pearly white, and pink pigments. Glides onto the skin with a cooling feel, and once dry, the shimmer stays, leaving a luminous glow and a long-lasting fragrance.</span></li>
</ul>
<p> Notes : Pear , citrus , coconut powder , woody base.</p>",Alma Fragrances,Health & Beauty > Personal Care > Cosmetics > Perfumes & Colognes,,,TRUE,Title,Default Title,,,,,,0,,,deny,manual,60.00,70.00,TRUE,FALSE,,https://cdn.shopify.com/s/files/1/0859/6150/7108/files/4424FF00-BCB2-4AC5-ACD8-5138AAC89BA8.jpg?v=1755172027,1,Luma shimmer oil — image 1,FALSE,Luma shimmer oil,"Step into summer with Luma – designed to make you glow, smell irresistible, and feel effortlessly fresh all day. Scented Shimmer Oil – A lightweight gel base infused with a shimmering mix of gold, pearly white, and pink pigments. Glides onto the skin with a cooling feel, and once dry, the shimmer stays, leaving a lumin",,,,,new,TRUE,,,,,,,g,,,active,
alma-charm-collection,Alma charm collection,"<p><span>Take Alma everywhere you go. ✨</span></p>
<p><span>The </span><span>Alma Charm</span><span> is a customizable solid perfume charm designed to keep your signature scent with you—always.</span></p>
<p><span>Build yours in 3 simple steps:</span></p>
<ol>
<li>
<span>Choose your </span><span>Charm Style</span>
</li>
<li>
<span>Pick your favorite </span><span>Accessory</span>
</li>
<li>
<span>Select your </span><span>Signature Scent</span>
</li>
</ol>
<p><span>Clip it on your bag, keys, or anywhere you love.</span></p>
<p><span>Your Alma. Your Style. Everywhere. 🤍</span></p>
<p> </p>",Alma Fragrances,Health & Beauty > Personal Care > Cosmetics > Perfumes & Colognes,,collection-alma-solid-charms,TRUE,Pick your charm,alma daily,Pick your accessory ,heart,scents ,Vanilla Bloom,,0,shopify,0,deny,manual,99.00,109.00,TRUE,FALSE,,https://cdn.shopify.com/s/files/1/0859/6150/7108/files/IMG-1135.png?v=1783060001,1,Alma charm collection — image 1,FALSE,Alma charm collection,"Take Alma everywhere you go. ✨ The Alma Charm is a customizable solid perfume charm designed to keep your signature scent with you—always. Build yours in 3 simple steps: Choose your Charm Style Pick your favorite Accessory Select your Signature Scent Clip it on your bag, keys, or anywhere you love. Your Alma. Your Styl",,,,,new,TRUE,,,,,,https://cdn.shopify.com/s/files/1/0859/6150/7108/files/IMG-1135.png?v=1783060001,g,,,active,Alma solid charms
alma-charm-collection,,,,,,,,Pick your charm,alma daily,Pick your accessory ,heart,scents ,Arabia,,0,,,deny,manual,99.00,109.00,TRUE,FALSE,,https://cdn.shopify.com/s/files/1/0859/6150/7108/files/DDD1E3B5-054A-4BA5-A944-432B45F9814B.png?v=1783060211,2,Alma charm collection — image 2,,,,,,,,new,TRUE,,,,,,https://cdn.shopify.com/s/files/1/0859/6150/7108/files/IMG-1135.png?v=1783060001,g,,,,
alma-charm-collection,,,,,,,,Pick your charm,alma daily,Pick your accessory ,heart,scents ,Leather Luxe,,0,,,deny,manual,99.00,109.00,TRUE,FALSE,,https://cdn.shopify.com/s/files/1/0859/6150/7108/files/IMG-1139.png?v=1783060389,3,Alma charm collection — image 3,,,,,,,,new,TRUE,,,,,,https://cdn.shopify.com/s/files/1/0859/6150/7108/files/IMG-1135.png?v=1783060001,g,,,,
alma-charm-collection,,,,,,,,Pick your charm,alma daily,Pick your accessory ,ribbon,scents ,Vanilla Bloom,,0,shopify,0,deny,manual,99.00,109.00,TRUE,FALSE,,https://cdn.shopify.com/s/files/1/0859/6150/7108/files/IMG-1143.png?v=1783060601,4,Alma charm collection — image 4,,,,,,,,new,TRUE,,,,,,https://cdn.shopify.com/s/files/1/0859/6150/7108/files/DDD1E3B5-054A-4BA5-A944-432B45F9814B.png?v=1783060211,g,,,,
alma-charm-collection,,,,,,,,Pick your charm,alma daily,Pick your accessory ,ribbon,scents ,Arabia,,0,,,deny,manual,99.00,109.00,TRUE,FALSE,,https://cdn.shopify.com/s/files/1/0859/6150/7108/files/IMG-1145.png?v=1783060799,5,Alma charm collection — image 5,,,,,,,,new,TRUE,,,,,,https://cdn.shopify.com/s/files/1/0859/6150/7108/files/DDD1E3B5-054A-4BA5-A944-432B45F9814B.png?v=1783060211,g,,,,
alma-charm-collection,,,,,,,,Pick your charm,alma daily,Pick your accessory ,ribbon,scents ,Leather Luxe,,0,,,deny,manual,99.00,109.00,TRUE,FALSE,,https://cdn.shopify.com/s/files/1/0859/6150/7108/files/IMG-1147.png?v=1783060988,6,Alma charm collection — image 6,,,,,,,,new,TRUE,,,,,,https://cdn.shopify.com/s/files/1/0859/6150/7108/files/DDD1E3B5-054A-4BA5-A944-432B45F9814B.png?v=1783060211,g,,,,
alma-charm-collection,,,,,,,,Pick your charm,alma daily,Pick your accessory ,long ribbon,scents ,Vanilla Bloom,,0,shopify,0,deny,manual,99.00,109.00,TRUE,FALSE,,https://cdn.shopify.com/s/files/1/0859/6150/7108/files/IMG-1149.png?v=1783061179,7,Alma charm collection — image 7,,,,,,,,new,TRUE,,,,,,https://cdn.shopify.com/s/files/1/0859/6150/7108/files/IMG-1139.png?v=1783060389,g,,,,
alma-charm-collection,,,,,,,,Pick your charm,alma daily,Pick your accessory ,long ribbon,scents ,Arabia,,0,,,deny,manual,99.00,109.00,TRUE,FALSE,,https://cdn.shopify.com/s/files/1/0859/6150/7108/files/3BD65A49-EB73-4C98-81D7-7BBE786AED8A.png?v=1783061324,8,Alma charm collection — image 8,,,,,,,,new,TRUE,,,,,,https://cdn.shopify.com/s/files/1/0859/6150/7108/files/IMG-1139.png?v=1783060389,g,,,,
alma-charm-collection,,,,,,,,Pick your charm,alma daily,Pick your accessory ,long ribbon,scents ,Leather Luxe,,0,,,deny,manual,99.00,109.00,TRUE,FALSE,,https://cdn.shopify.com/s/files/1/0859/6150/7108/files/FD84A973-4545-4480-B368-9C7E99344240.png?v=1783061467,9,Alma charm collection — image 9,,,,,,,,new,TRUE,,,,,,https://cdn.shopify.com/s/files/1/0859/6150/7108/files/IMG-1139.png?v=1783060389,g,,,,
alma-charm-collection,,,,,,,,Pick your charm,alma daily,Pick your accessory ,love pin,scents ,Vanilla Bloom,,0,shopify,0,deny,manual,99.00,109.00,TRUE,FALSE,,https://cdn.shopify.com/s/files/1/0859/6150/7108/files/F3363246-B714-4DB1-8B18-1933C5CB4338.jpg?v=1783059547,10,Alma charm collection — image 10,,,,,,,,new,TRUE,,,,,,https://cdn.shopify.com/s/files/1/0859/6150/7108/files/IMG-1143.png?v=1783060601,g,,,,
alma-charm-collection,,,,,,,,Pick your charm,alma daily,Pick your accessory ,love pin,scents ,Arabia,,0,,,deny,manual,99.00,109.00,TRUE,FALSE,,https://cdn.shopify.com/s/files/1/0859/6150/7108/files/C9986175-0CEE-4515-ABA7-B58D974DF7E1.jpg?v=1783059604,11,Alma charm collection — image 11,,,,,,,,new,TRUE,,,,,,https://cdn.shopify.com/s/files/1/0859/6150/7108/files/IMG-1143.png?v=1783060601,g,,,,
alma-charm-collection,,,,,,,,Pick your charm,alma daily,Pick your accessory ,love pin,scents ,Leather Luxe,,0,,,deny,manual,99.00,109.00,TRUE,FALSE,,https://cdn.shopify.com/s/files/1/0859/6150/7108/files/860FDC87-576D-4CD9-8757-AA7046EFB0EC.jpg?v=1783059604,12,Alma charm collection — image 12,,,,,,,,new,TRUE,,,,,,https://cdn.shopify.com/s/files/1/0859/6150/7108/files/IMG-1143.png?v=1783060601,g,,,,
alma-charm-collection,,,,,,,,Pick your charm,alma iconic,Pick your accessory ,heart,scents ,Vanilla Bloom,,0,shopify,0,deny,manual,99.00,109.00,TRUE,FALSE,,,,,,,,,,,,new,TRUE,,,,,,https://cdn.shopify.com/s/files/1/0859/6150/7108/files/IMG-1145.png?v=1783060799,g,,,,
alma-charm-collection,,,,,,,,Pick your charm,alma iconic,Pick your accessory ,heart,scents ,Arabia,,0,shopify,0,deny,manual,99.00,109.00,TRUE,FALSE,,,,,,,,,,,,new,TRUE,,,,,,https://cdn.shopify.com/s/files/1/0859/6150/7108/files/IMG-1145.png?v=1783060799,g,,,,
alma-charm-collection,,,,,,,,Pick your charm,alma iconic,Pick your accessory ,heart,scents ,Leather Luxe,,0,shopify,0,deny,manual,99.00,109.00,TRUE,FALSE,,,,,,,,,,,,new,TRUE,,,,,,https://cdn.shopify.com/s/files/1/0859/6150/7108/files/IMG-1145.png?v=1783060799,g,,,,
alma-charm-collection,,,,,,,,Pick your charm,alma iconic,Pick your accessory ,mini heart,scents ,Vanilla Bloom,,0,shopify,0,deny,manual,99.00,109.00,TRUE,FALSE,,,,,,,,,,,,new,TRUE,,,,,,https://cdn.shopify.com/s/files/1/0859/6150/7108/files/IMG-1147.png?v=1783060988,g,,,,
alma-charm-collection,,,,,,,,Pick your charm,alma iconic,Pick your accessory ,mini heart,scents ,Arabia,,0,shopify,0,deny,manual,99.00,109.00,TRUE,FALSE,,,,,,,,,,,,new,TRUE,,,,,,https://cdn.shopify.com/s/files/1/0859/6150/7108/files/IMG-1147.png?v=1783060988,g,,,,
alma-charm-collection,,,,,,,,Pick your charm,alma iconic,Pick your accessory ,mini heart,scents ,Leather Luxe,,0,shopify,0,deny,manual,99.00,109.00,TRUE,FALSE,,,,,,,,,,,,new,TRUE,,,,,,https://cdn.shopify.com/s/files/1/0859/6150/7108/files/IMG-1147.png?v=1783060988,g,,,,
alma-charm-collection,,,,,,,,Pick your charm,alma iconic,Pick your accessory ,ribbon,scents ,Vanilla Bloom,,0,shopify,0,deny,manual,99.00,109.00,TRUE,FALSE,,,,,,,,,,,,new,TRUE,,,,,,https://cdn.shopify.com/s/files/1/0859/6150/7108/files/IMG-1149.png?v=1783061179,g,,,,
alma-charm-collection,,,,,,,,Pick your charm,alma iconic,Pick your accessory ,ribbon,scents ,Arabia,,0,shopify,0,deny,manual,99.00,109.00,TRUE,FALSE,,,,,,,,,,,,new,TRUE,,,,,,https://cdn.shopify.com/s/files/1/0859/6150/7108/files/IMG-1149.png?v=1783061179,g,,,,
alma-charm-collection,,,,,,,,Pick your charm,alma iconic,Pick your accessory ,ribbon,scents ,Leather Luxe,,0,shopify,0,deny,manual,99.00,109.00,TRUE,FALSE,,,,,,,,,,,,new,TRUE,,,,,,https://cdn.shopify.com/s/files/1/0859/6150/7108/files/IMG-1149.png?v=1783061179,g,,,,
alma-charm-collection,,,,,,,,Pick your charm,alma iconic,Pick your accessory ,long ribbon,scents ,Vanilla Bloom,,0,shopify,0,deny,manual,99.00,109.00,TRUE,FALSE,,,,,,,,,,,,new,TRUE,,,,,,https://cdn.shopify.com/s/files/1/0859/6150/7108/files/3BD65A49-EB73-4C98-81D7-7BBE786AED8A.png?v=1783061324,g,,,,
alma-charm-collection,,,,,,,,Pick your charm,alma iconic,Pick your accessory ,long ribbon,scents ,Arabia,,0,shopify,0,deny,manual,99.00,109.00,TRUE,FALSE,,,,,,,,,,,,new,TRUE,,,,,,https://cdn.shopify.com/s/files/1/0859/6150/7108/files/3BD65A49-EB73-4C98-81D7-7BBE786AED8A.png?v=1783061324,g,,,,
alma-charm-collection,,,,,,,,Pick your charm,alma iconic,Pick your accessory ,long ribbon,scents ,Leather Luxe,,0,shopify,0,deny,manual,99.00,109.00,TRUE,FALSE,,,,,,,,,,,,new,TRUE,,,,,,https://cdn.shopify.com/s/files/1/0859/6150/7108/files/3BD65A49-EB73-4C98-81D7-7BBE786AED8A.png?v=1783061324,g,,,,
alma-charm-collection,,,,,,,,Pick your charm,alma iconic,Pick your accessory ,love pin,scents ,Vanilla Bloom,,0,shopify,0,deny,manual,99.00,109.00,TRUE,FALSE,,,,,,,,,,,,new,TRUE,,,,,,https://cdn.shopify.com/s/files/1/0859/6150/7108/files/FD84A973-4545-4480-B368-9C7E99344240.png?v=1783061467,g,,,,
alma-charm-collection,,,,,,,,Pick your charm,alma iconic,Pick your accessory ,love pin,scents ,Arabia,,0,shopify,0,deny,manual,99.00,109.00,TRUE,FALSE,,,,,,,,,,,,new,TRUE,,,,,,https://cdn.shopify.com/s/files/1/0859/6150/7108/files/FD84A973-4545-4480-B368-9C7E99344240.png?v=1783061467,g,,,,
alma-charm-collection,,,,,,,,Pick your charm,alma iconic,Pick your accessory ,love pin,scents ,Leather Luxe,,0,shopify,0,deny,manual,99.00,109.00,TRUE,FALSE,,,,,,,,,,,,new,TRUE,,,,,,https://cdn.shopify.com/s/files/1/0859/6150/7108/files/FD84A973-4545-4480-B368-9C7E99344240.png?v=1783061467,g,,,,
alma-dokhon,Alma Dokhon,"<p>Alma Dokhon… luxury you feel before it’s described.<br>A rich, oil-infused blend crafted to release a deep, warm, captivating scent that lingers beautifully.<br>One touch is enough to leave a lasting, elegant impression.</p>",Alma Fragrances,Health & Beauty > Personal Care > Cosmetics > Perfumes & Colognes,,"collection-start-here, collection-alma-dokhon, collection-arabic-and-deep, collection-best-sellers",TRUE,Size,Travel Size Dokhoon — 35g | 4 handcrafted pieces,,,,,,0,,,deny,manual,120.00,150.00,TRUE,TRUE,,https://cdn.shopify.com/s/files/1/0859/6150/7108/files/4D4CD465-868B-4A60-893A-647C646DAFE5.jpg?v=1786719284,1,Alma Dokhon — image 1,FALSE,Alma Dokhon,"Alma Dokhon… luxury you feel before it’s described. A rich, oil-infused blend crafted to release a deep, warm, captivating scent that lingers beautifully. One touch is enough to leave a lasting, elegant impression.",,,,,new,TRUE,,,,,,,g,,,active,Alma dokhon
alma-dokhon,,,,,,,,Size,Full Size Dokhoon — 100g | 12 hand crafted pieces,,,,,,0,,,deny,manual,199.00,260.00,TRUE,TRUE,,,,,,,,,,,,new,TRUE,,,,,,,g,,,,
luma-perfume,Luma perfume,"<p> </p>
<p><span>Fragrance Notes</span></p>
<p><span>Top: Fresh citrus</span></p>
<p><span>Heart: Soft white florals</span></p>
<p><span>Base: Clean musk with a touch of vanilla</span></p>
<p><span>Scent Style: Fresh • Soft • Warm • Summery</span></p>
<p><span>size : 50 ml </span></p>",Alma Fragrances,Health & Beauty > Personal Care > Cosmetics > Perfumes & Colognes,,"collection-alma-perfumes, collection-soft-and-clean",TRUE,Title,Default Title,,,,,,0,,,deny,manual,180.00,199.00,FALSE,FALSE,,https://cdn.shopify.com/s/files/1/0859/6150/7108/files/D76A52CF-0869-4343-9532-B3CADDDDA9A8.jpg?v=1755172027,1,Luma perfume — image 1,FALSE,Luma perfume,Fragrance Notes Top: Fresh citrus Heart: Soft white florals Base: Clean musk with a touch of vanilla Scent Style: Fresh • Soft • Warm • Summery size : 50 ml,,,,,new,TRUE,,,,,,,g,,,active,Alma perfumes
alma-oud-intense-perfume,Alma Oud Intense Perfume,"<p> </p>
<p dir=""rtl""> </p>
<p><span>Oud Intense</span></p>
<p><span>Our most requested scent — bold, warm, and deeply addictive.</span></p>
<p><span>A refined oud blended with saffron and smoky woods for a confident, long-lasting presence.</span></p>
<p><span>Notes: Oud, powder,Musk, touch of amber </span></p>
<p><span>Size: 50 ml </span></p>",Alma Fragrances,Health & Beauty > Personal Care > Cosmetics > Perfumes & Colognes,,"collection-alma-perfumes, collection-arabic-and-deep, collection-best-sellers",TRUE,Title,Default Title,,,,,,0,,,deny,manual,220.00,239.00,TRUE,FALSE,,https://cdn.shopify.com/s/files/1/0859/6150/7108/files/A4325AE3-BAAA-4932-A06A-BAFA1D624566.jpg?v=1776605910,1,Alma Oud Intense Perfume — image 1,FALSE,Alma Oud Intense Perfume,"Oud Intense Our most requested scent — bold, warm, and deeply addictive. A refined oud blended with saffron and smoky woods for a confident, long-lasting presence. Notes: Oud, powder,Musk, touch of amber Size: 50 ml",,,,,new,TRUE,,,,,,,g,,,active,Alma perfumes
alma-vanilla-bloom,Alma Vanilla Bloom,"<p><span data-mce-fragment=""1"">Vanilla Bloom is made with vanilla and delicate rare floral notes, harmoniously fused with musk, offering a lasting sensation of pure bliss.</span><br></p>
<p><span data-mce-fragment=""1""><strong>Contains: </strong>Vanilla, Rare florals, White Musk<br><strong data-mce-fragment=""1"">Size:</strong> 25g</span></p>",My Store,Health & Beauty > Personal Care > Cosmetics > Perfumes & Colognes,,"collection-alma-makhmaria-s-solid-perfume, collection-soft-and-clean",TRUE,Title,Default Title,,,,,,25,,,deny,manual,200.00,225.00,TRUE,TRUE,,https://cdn.shopify.com/s/files/1/0859/6150/7108/files/IMG_0012.jpg?v=1711471758,1,Alma Vanilla Bloom — image 1,FALSE,Alma Vanilla Bloom,"Vanilla Bloom is made with vanilla and delicate rare floral notes, harmoniously fused with musk, offering a lasting sensation of pure bliss. Contains: Vanilla, Rare florals, White Musk Size: 25g",,,,,new,TRUE,,,,,,,g,,,active,Alma Solid Perfumes
alma-box-of-minis,Alma Discovery Trio,"<p>(Mix &amp; Match Box – 3 x 10g Jars)<br><span></span></p>
<p><span>Not sure which scent to choose? Try them all.</span></p>
<p><span>The Alma Mix &amp; Match Box lets you pick 3 of your favorite solid perfumes in 10g mini jars. Create your own combination and explore different moods and scents.</span></p>
<p><span>Perfect for discovering your signature scent or gifting someone special.</span></p>
<p> </p>",My Store,Health & Beauty > Personal Care > Cosmetics > Perfumes & Colognes,,"collection-start-here, collection-alma-makhmaria-s-solid-perfume",TRUE,Choose Your Box,Soft Box ( Vanilla Bloom + Lolo Vanilla + AlmaXEman ),,,,,,5,shopify,0,deny,manual,210.00,,TRUE,TRUE,,https://cdn.shopify.com/s/files/1/0859/6150/7108/files/FB57649B-64DA-4E58-8EB2-E6BE369DB836.jpg?v=1737278040,1,Alma Discovery Trio — image 1,FALSE,Alma Discovery Trio,(Mix & Match Box – 3 x 10g Jars) Not sure which scent to choose? Try them all. The Alma Mix & Match Box lets you pick 3 of your favorite solid perfumes in 10g mini jars. Create your own combination and explore different moods and scents. Perfect for discovering your signature scent or gifting someone special.,,,,,new,TRUE,,,,,,,g,,,active,Alma Solid Perfumes
alma-box-of-minis,,,,,,,,Choose Your Box,Bold Box ( Oud + Arabia + Leather Luxe ),,,,,,5,shopify,0,deny,manual,210.00,,TRUE,TRUE,,,,,,,,,,,,new,TRUE,,,,,,,g,,,,
alma-box-of-minis,,,,,,,,Choose Your Box,Everyday Box ( Oud + Sandalwood + Vanilla Bloom ),,,,,,5,shopify,0,deny,manual,210.00,,TRUE,TRUE,,,,,,,,,,,,new,TRUE,,,,,,,g,,,,
alma-box-of-minis,,,,,,,,Choose Your Box,Elegant Box ( Sandalwood + Arabia + Lolo Vanilla ),,,,,,5,shopify,0,deny,manual,210.00,,TRUE,TRUE,,,,,,,,,,,,new,TRUE,,,,,,,g,,,,
alma-box-of-minis,,,,,,,,Choose Your Box,Statement Box ( Leather Luxe + Oud + AlmaXEman ),,,,,,5,shopify,0,deny,manual,210.00,,TRUE,TRUE,,,,,,,,,,,,new,TRUE,,,,,,,g,,,,
alma-refill-pouches,Alma refill pouches,"<p><span>A practical and eco-friendly way to enjoy your favorite scent.</span></p>
<p>Alma Refill Pouch lets you easily refill your solid perfume jar without waste. Lightweight, travel-friendly, and perfect for keeping your signature scent with you anytime.</p>
<p><span>Reusable. Convenient. Sustainable.</span></p>
<p><span>Size: 30g</span></p>
<p><span> </span></p>",Alma Fragrances,Health & Beauty > Personal Care > Cosmetics > Perfumes & Colognes,,"collection-alma-makhmaria-s-solid-perfume, collection-best-sellers",TRUE,Scents,Oud,,,,,,0,shopify,0,deny,manual,160.00,170.00,TRUE,TRUE,,https://cdn.shopify.com/s/files/1/0859/6150/7108/files/3A5D71E9-BA2F-4556-8BF6-8A8CEF0530EC.jpg?v=1744278694,1,Alma refill pouches — image 1,FALSE,Alma refill pouches,"A practical and eco-friendly way to enjoy your favorite scent. Alma Refill Pouch lets you easily refill your solid perfume jar without waste. Lightweight, travel-friendly, and perfect for keeping your signature scent with you anytime. Reusable. Convenient. Sustainable. Size: 30g",,,,,new,TRUE,,,,,,,g,,,active,Alma Solid Perfumes
alma-refill-pouches,,,,,,,,Scents,Sandalwood,,,,,,0,shopify,0,deny,manual,160.00,170.00,TRUE,TRUE,,,,,,,,,,,,new,TRUE,,,,,,,g,,,,
alma-refill-pouches,,,,,,,,Scents,Vanilla Bloom,,,,,,0,shopify,0,deny,manual,160.00,170.00,TRUE,TRUE,,,,,,,,,,,,new,TRUE,,,,,,,g,,,,
alma-refill-pouches,,,,,,,,Scents,Arabia,,,,,,0,,,deny,manual,160.00,170.00,TRUE,TRUE,,,,,,,,,,,,new,TRUE,,,,,,,g,,,,
alma-refill-pouches,,,,,,,,Scents,Leather luxe,,,,,,0,,,deny,manual,160.00,170.00,TRUE,TRUE,,,,,,,,,,,,new,TRUE,,,,,,,g,,,,
alma-refill-pouches,,,,,,,,Scents,AlmaXEman,,,,,,0,shopify,0,deny,manual,160.00,170.00,TRUE,TRUE,,,,,,,,,,,,new,TRUE,,,,,,,g,,,,
alma-refill-pouches,,,,,,,,Scents,Lolo Vanilla,,,,,,0,,,deny,manual,160.00,170.00,TRUE,TRUE,,,,,,,,,,,,new,TRUE,,,,,,,g,,,,
alma-perfumes-box-of-minis,Alma Fragrance Wardrobe,"<p>Alma signature perfumes in a box !</p>
<p>alma perfume , leather luxe , Lolo vanilla </p>
<p>And yes !! Oud intense is in !!</p>
<p>each : 10 ml</p>",Alma Fragrances,Health & Beauty > Personal Care > Cosmetics > Perfumes & Colognes,,"collection-start-here, collection-alma-perfumes",TRUE,Title,Default Title,,,,,,0,,,deny,manual,99.00,120.00,TRUE,TRUE,,https://cdn.shopify.com/s/files/1/0859/6150/7108/files/16AC0508-F59B-4E6A-8DAD-7682AC8337EB.jpg?v=1747053875,1,Alma Fragrance Wardrobe — image 1,FALSE,Alma Fragrance Wardrobe,"Alma signature perfumes in a box ! alma perfume , leather luxe , Lolo vanilla And yes !! Oud intense is in !! each : 10 ml",,,,,new,TRUE,,,,,,,g,,,active,Alma perfumes
luma-summer-kit,Luma summer kit,"<p><span>Luma Summer Kit – Your Summer Scent Ritual</span></p>
<p><span>Step into summer with Luma – a luxurious 3-piece set designed to make you glow, smell irresistible, and feel effortlessly fresh all day.</span></p>
<p><span>Inside the kit:</span></p>
<ul>
<li><span>Hair &amp; Body Perfume (50ml) – A captivating summer scent that lingers beautifully, perfect for layering or wearing on its own.</span></li>
<li><span>Scented Shimmer Gel (50ml) – A lightweight gel base infused with a shimmering mix of gold, pearly white, and pink pigments. Glides onto the skin with a cooling feel, and once dry, the shimmer stays, leaving a luminous glow and a long-lasting fragrance.</span></li>
<li><span>Body Lotion (50ml) – Lightweight yet nourishing, it locks in moisture and enhances your scent for hours.</span></li>
</ul>
<p> Notes : Pear , citrus , coconut powder , woody base.</p>
<p><span>From sun-kissed mornings to vibrant summer nights, Luma is your ultimate warm-weather essential – a fragrance and beauty ritual in one.</span></p>",Alma Fragrances,Health & Beauty > Personal Care > Cosmetics > Perfumes & Colognes,,collection-layering-kits,TRUE,Title,Default Title,,,,,,0,,,deny,manual,230.00,260.00,TRUE,TRUE,,https://cdn.shopify.com/s/files/1/0859/6150/7108/files/D76A52CF-0869-4343-9532-B3CADDDDA9A8.jpg?v=1755172027,1,Luma summer kit — image 1,FALSE,Luma summer kit,"Luma Summer Kit – Your Summer Scent Ritual Step into summer with Luma – a luxurious 3-piece set designed to make you glow, smell irresistible, and feel effortlessly fresh all day. Inside the kit: Hair & Body Perfume (50ml) – A captivating summer scent that lingers beautifully, perfect for layering or wearing on its own",,,,,new,TRUE,,,,,,,g,,,active,Layering & kits
luma-summer-kit,,,,,,,,,,,,,,,,,,,,,,,,,https://cdn.shopify.com/s/files/1/0859/6150/7108/files/4424FF00-BCB2-4AC5-ACD8-5138AAC89BA8.jpg?v=1755172027,2,Luma summer kit — image 2,,,,,,,,,,,,,,,,,,,,
lolo-vanilla,lolo Vanilla,"<p><span>A soft, feminine scent designed for hair and skin.</span></p>
<p><span>Notes: Vanilla, soft fruity floral notes, white musk, powder</span></p>
<p><span>Size: 25g</span></p>
<p><span>A delicate blend of creamy vanilla, soft fruit florals, and powdery musk that creates a smooth, comforting fragrance with a gentle sweetness. Perfect for layering or wearing alone.</span></p>
<p><span> </span></p>",Alma Fragrances,Health & Beauty > Personal Care > Cosmetics > Perfumes & Colognes,,"collection-alma-makhmaria-s-solid-perfume, collection-best-sellers, collection-soft-and-clean",TRUE,Title,Default Title,,,,,,0,,,deny,manual,240.00,260.00,TRUE,TRUE,,https://cdn.shopify.com/s/files/1/0859/6150/7108/files/3DA549B5-3E70-4E04-B11D-74B662076C54.png?v=1747310168,1,lolo Vanilla — image 1,FALSE,lolo Vanilla,"A soft, feminine scent designed for hair and skin. Notes: Vanilla, soft fruity floral notes, white musk, powder Size: 25g A delicate blend of creamy vanilla, soft fruit florals, and powdery musk that creates a smooth, comforting fragrance with a gentle sweetness. Perfect for layering or wearing alone.",,,,,new,TRUE,,,,,,,g,,,active,Alma Solid Perfumes
lolo-vanilla,,,,,,,,,,,,,,,,,,,,,,,,,https://cdn.shopify.com/s/files/1/0859/6150/7108/files/16A8D013-709E-4B6D-AA96-C37FB269F0E5.png?v=1745812328,2,lolo Vanilla — image 2,,,,,,,,,,,,,,,,,,,,
alma-oud,Alma Oud,"<p><span>A rich, long-lasting scent designed for hair and skin.</span></p>
<p><span>Notes: Oud powder, white musk</span></p>
<p><span>Size: 25g</span></p>
<p><span>A deep, warm fragrance that lingers beautifully throughout the day. Perfect for layering or wearing alone.</span></p>
<p> </p>",My Store,Health & Beauty > Personal Care > Cosmetics > Perfumes & Colognes,Makhmaria,"collection-alma-makhmaria-s-solid-perfume, collection-arabic-and-deep",TRUE,Title,Default Title,,,,,,25,,,deny,manual,200.00,225.00,TRUE,TRUE,,https://cdn.shopify.com/s/files/1/0859/6150/7108/files/BF24F145-2E97-44D0-BFD6-B52CC07C42A0.jpg?v=1736246739,1,Alma Oud — image 1,FALSE,Alma Oud,"A rich, long-lasting scent designed for hair and skin. Notes: Oud powder, white musk Size: 25g A deep, warm fragrance that lingers beautifully throughout the day. Perfect for layering or wearing alone.",,,,,new,TRUE,,,,,,,g,,,active,Alma Solid Perfumes
alma-oud,,,,,,,,,,,,,,,,,,,,,,,,,https://cdn.shopify.com/s/files/1/0859/6150/7108/files/2AD7DA4F-5136-4187-BC1F-15F2B1BCE026.jpg?v=1736246739,2,Alma Oud — image 2,,,,,,,,,,,,,,,,,,,,
alma-sandalwood,Alma Sandalwood,"<p><span>A soft, warm scent designed for hair and skin.</span></p>
<p><span>Notes: Sandalwood, white musk, dark caramel</span></p>
<p><span>Size: 25g</span></p>
<p><span>A smooth blend of creamy woods and soft sweetness, creating a warm, elegant fragrance that lasts all day. Perfect for layering or wearing alone.</span></p>
<p> </p>
<p> </p>",My Store,Health & Beauty > Personal Care > Cosmetics > Perfumes & Colognes,Makhmaria,"collection-alma-makhmaria-s-solid-perfume, collection-warm-and-bold",TRUE,Title,Default Title,,,,,37,25,,,deny,manual,200.00,225.00,TRUE,TRUE,,https://cdn.shopify.com/s/files/1/0859/6150/7108/files/IMG_0010.jpg?v=1711472071,1,Alma Sandalwood — image 1,FALSE,Alma Sandalwood,"A soft, warm scent designed for hair and skin. Notes: Sandalwood, white musk, dark caramel Size: 25g A smooth blend of creamy woods and soft sweetness, creating a warm, elegant fragrance that lasts all day. Perfect for layering or wearing alone.",,,,,new,TRUE,,,,,,,g,,,active,Alma Solid Perfumes
almaxeman,AlmaXEman,"<p>Rosy Oud with white musk .</p>
<p>combines ..</p>
<p>Fresh, dewy rose petals, introducing a soft, floral sweetness.</p>
<p>Rich, woody oud, providing a warm and resinous depth that contrasts beautifully with the floral top notes.</p>
<p>White musk, lending a clean, slightly powdery, and creamy undertone that lingers on the skin and hair.</p>
<p>Size : 25 grams </p>",Alma Fragrances,Health & Beauty > Personal Care > Cosmetics > Perfumes & Colognes,,"collection-alma-makhmaria-s-solid-perfume, collection-soft-and-clean",TRUE,Title,Default Title,,,,,,0,,,deny,manual,240.00,260.00,TRUE,TRUE,,https://cdn.shopify.com/s/files/1/0859/6150/7108/files/19436243-8213-44AB-ADD2-C2724F3B1BE5.jpg?v=1720792656,1,AlmaXEman — image 1,FALSE,AlmaXEman,"Rosy Oud with white musk . combines .. Fresh, dewy rose petals, introducing a soft, floral sweetness. Rich, woody oud, providing a warm and resinous depth that contrasts beautifully with the floral top notes. White musk, lending a clean, slightly powdery, and creamy undertone that lingers on the skin and hair. Size : 2",,,,,new,TRUE,,,,,,,g,,,active,Alma Solid Perfumes
alma-arabia,Alma Arabia,"<p>Arabia scent is infused with saffron, oud, and white musk, for an irresistible fragrance that radiates sophistication and allure.</p>
<p><strong>Contains:<span> </span></strong><span>Saffron</span><span>, Oud, White Musk</span><br><strong data-mce-fragment=""1"">Size:</strong><span> 25g</span> </p>",My Store,Health & Beauty > Personal Care > Cosmetics > Perfumes & Colognes,Makhmaria,"collection-alma-makhmaria-s-solid-perfume, collection-arabic-and-deep",TRUE,Title,Default Title,,,,,23,25,,,deny,manual,220.00,250.00,TRUE,TRUE,,https://cdn.shopify.com/s/files/1/0859/6150/7108/files/IMG_0006.png?v=1711470852,1,Alma Arabia — image 1,FALSE,Alma Arabia,"Arabia scent is infused with saffron, oud, and white musk, for an irresistible fragrance that radiates sophistication and allure. Contains: Saffron , Oud, White Musk Size: 25g",,,,,new,TRUE,,,,,,,g,,,active,Alma Solid Perfumes
alma-leather,Alma Leather Luxe,"<p>Step into a sophisticated, timeless world with Leather Luxe, <span data-mce-fragment=""1"">It's the perfect finishing touch for those who appreciate the finer things in life.</span></p>
<p><strong>Contains:<span> </span></strong>Leather<span>, Tobacco, White Musk</span><br><strong data-mce-fragment=""1"">Size:</strong><span> 25g</span></p>",My Store,Health & Beauty > Personal Care > Cosmetics > Perfumes & Colognes,Makhmaria,"collection-alma-makhmaria-s-solid-perfume, collection-warm-and-bold",TRUE,Title,Default Title,,,,,33,25,,,deny,manual,220.00,250.00,TRUE,TRUE,,https://cdn.shopify.com/s/files/1/0859/6150/7108/files/IMG_0009.jpg?v=1711471276,1,Alma Leather Luxe — image 1,FALSE,Alma Leather Luxe,"Step into a sophisticated, timeless world with Leather Luxe, It's the perfect finishing touch for those who appreciate the finer things in life. Contains: Leather , Tobacco, White Musk Size: 25g",,,,,new,TRUE,,,,,,,g,,,active,Alma Solid Perfumes
alma-layering-box,Alma Layering box,<p>Get any solid perfume + any Alma perfume in a luxury gift box with a 100 grams lotion — for the best layering experience ever!!</p>,Alma Fragrances,Health & Beauty > Personal Care > Cosmetics > Perfumes & Colognes,,"collection-best-sellers, collection-layering-kits",TRUE,Solid perfume,Oud,Perfume,Alma hair and body perfume,lotion,Oud,,0,,,deny,manual,360.00,499.00,TRUE,TRUE,,https://cdn.shopify.com/s/files/1/0859/6150/7108/files/03C2349C-CB94-4FFA-8224-C4EB215E9C5F.jpg?v=1752846245,1,Alma Layering box — image 1,FALSE,Alma Layering box,Get any solid perfume + any Alma perfume in a luxury gift box with a 100 grams lotion — for the best layering experience ever!!,,,,,new,TRUE,,,,,,,g,,,active,Layering & kits
alma-layering-box,,,,,,,,Solid perfume,Sandalwood,Perfume,Alma hair and body perfume,lotion,Oud,,0,,,deny,manual,360.00,499.00,TRUE,TRUE,,https://cdn.shopify.com/s/files/1/0859/6150/7108/files/IMG_4325.jpg?v=1752846311,2,Alma Layering box — image 2,,,,,,,,new,TRUE,,,,,,,g,,,,
alma-layering-box,,,,,,,,Solid perfume,Arabia,Perfume,Alma hair and body perfume,lotion,Oud,,0,,,deny,manual,360.00,499.00,TRUE,TRUE,,https://cdn.shopify.com/s/files/1/0859/6150/7108/files/2DBB8FD0-6FF7-44B3-9E4D-0D5264A2DC93.jpg?v=1752846245,3,Alma Layering box — image 3,,,,,,,,new,TRUE,,,,,,,g,,,,
alma-layering-box,,,,,,,,Solid perfume,Leather luxe,Perfume,Alma hair and body perfume,lotion,Oud,,0,,,deny,manual,360.00,499.00,TRUE,TRUE,,,,,,,,,,,,new,TRUE,,,,,,,g,,,,
alma-layering-box,,,,,,,,Solid perfume,Oud,Perfume,Leather luxe,lotion,Oud,,0,,,deny,manual,360.00,499.00,TRUE,TRUE,,,,,,,,,,,,new,TRUE,,,,,,,g,,,,
alma-layering-box,,,,,,,,Solid perfume,Oud,Perfume,Lolo Vanilla,lotion,Oud,,0,,,deny,manual,360.00,499.00,TRUE,TRUE,,,,,,,,,,,,new,TRUE,,,,,,,g,,,,
alma-layering-box,,,,,,,,Solid perfume,Sandalwood,Perfume,Leather luxe,lotion,Oud,,0,,,deny,manual,360.00,499.00,TRUE,TRUE,,,,,,,,,,,,new,TRUE,,,,,,,g,,,,
alma-layering-box,,,,,,,,Solid perfume,Sandalwood,Perfume,Lolo Vanilla,lotion,Oud,,0,,,deny,manual,360.00,499.00,TRUE,TRUE,,,,,,,,,,,,new,TRUE,,,,,,,g,,,,
alma-layering-box,,,,,,,,Solid perfume,Arabia,Perfume,Leather luxe,lotion,Oud,,0,,,deny,manual,360.00,499.00,TRUE,TRUE,,,,,,,,,,,,new,TRUE,,,,,,,g,,,,
alma-layering-box,,,,,,,,Solid perfume,Arabia,Perfume,Lolo Vanilla,lotion,Oud,,0,,,deny,manual,360.00,499.00,TRUE,TRUE,,,,,,,,,,,,new,TRUE,,,,,,,g,,,,
alma-layering-box,,,,,,,,Solid perfume,Leather luxe,Perfume,Leather luxe,lotion,Oud,,0,,,deny,manual,360.00,499.00,TRUE,TRUE,,,,,,,,,,,,new,TRUE,,,,,,,g,,,,
alma-layering-box,,,,,,,,Solid perfume,Leather luxe,Perfume,Lolo Vanilla,lotion,Oud,,0,,,deny,manual,360.00,499.00,TRUE,TRUE,,,,,,,,,,,,new,TRUE,,,,,,,g,,,,
alma-layering-box,,,,,,,,Solid perfume,Lolo vanilla,Perfume,Alma hair and body perfume,lotion,Oud,,0,,,deny,manual,360.00,499.00,TRUE,TRUE,,,,,,,,,,,,new,TRUE,,,,,,,g,,,,
alma-layering-box,,,,,,,,Solid perfume,Lolo vanilla,Perfume,Leather luxe,lotion,Oud,,0,,,deny,manual,360.00,499.00,TRUE,TRUE,,,,,,,,,,,,new,TRUE,,,,,,,g,,,,
alma-layering-box,,,,,,,,Solid perfume,Lolo vanilla,Perfume,Lolo Vanilla,lotion,Oud,,0,,,deny,manual,360.00,499.00,TRUE,TRUE,,,,,,,,,,,,new,TRUE,,,,,,,g,,,,
alma-layering-box,,,,,,,,Solid perfume,Oud,Perfume,Alma hair and body perfume,lotion,Sandalwood,,0,,,deny,manual,360.00,499.00,TRUE,TRUE,,,,,,,,,,,,new,TRUE,,,,,,,g,,,,
alma-layering-box,,,,,,,,Solid perfume,Oud,Perfume,Alma hair and body perfume,lotion,Vanilla bloom,,0,,,deny,manual,360.00,499.00,TRUE,TRUE,,,,,,,,,,,,new,TRUE,,,,,,,g,,,,
alma-layering-box,,,,,,,,Solid perfume,Oud,Perfume,Alma hair and body perfume,lotion,Leather luxe,,0,,,deny,manual,360.00,499.00,TRUE,TRUE,,,,,,,,,,,,new,TRUE,,,,,,,g,,,,
alma-layering-box,,,,,,,,Solid perfume,Oud,Perfume,Alma hair and body perfume,lotion,Arabia,,0,,,deny,manual,360.00,499.00,TRUE,TRUE,,,,,,,,,,,,new,TRUE,,,,,,,g,,,,
alma-layering-box,,,,,,,,Solid perfume,Oud,Perfume,Alma hair and body perfume,lotion,Lolo vanilla,,0,,,deny,manual,360.00,499.00,TRUE,TRUE,,,,,,,,,,,,new,TRUE,,,,,,,g,,,,
alma-layering-box,,,,,,,,Solid perfume,Oud,Perfume,Leather luxe,lotion,Sandalwood,,0,,,deny,manual,360.00,499.00,TRUE,TRUE,,,,,,,,,,,,new,TRUE,,,,,,,g,,,,
alma-layering-box,,,,,,,,Solid perfume,Oud,Perfume,Leather luxe,lotion,Vanilla bloom,,0,,,deny,manual,360.00,499.00,TRUE,TRUE,,,,,,,,,,,,new,TRUE,,,,,,,g,,,,
alma-layering-box,,,,,,,,Solid perfume,Oud,Perfume,Leather luxe,lotion,Leather luxe,,0,,,deny,manual,360.00,499.00,TRUE,TRUE,,,,,,,,,,,,new,TRUE,,,,,,,g,,,,
alma-layering-box,,,,,,,,Solid perfume,Oud,Perfume,Leather luxe,lotion,Arabia,,0,,,deny,manual,360.00,499.00,TRUE,TRUE,,,,,,,,,,,,new,TRUE,,,,,,,g,,,,
alma-layering-box,,,,,,,,Solid perfume,Oud,Perfume,Leather luxe,lotion,Lolo vanilla,,0,,,deny,manual,360.00,499.00,TRUE,TRUE,,,,,,,,,,,,new,TRUE,,,,,,,g,,,,
alma-layering-box,,,,,,,,Solid perfume,Oud,Perfume,Lolo Vanilla,lotion,Sandalwood,,0,,,deny,manual,360.00,499.00,TRUE,TRUE,,,,,,,,,,,,new,TRUE,,,,,,,g,,,,
alma-layering-box,,,,,,,,Solid perfume,Oud,Perfume,Lolo Vanilla,lotion,Vanilla bloom,,0,,,deny,manual,360.00,499.00,TRUE,TRUE,,,,,,,,,,,,new,TRUE,,,,,,,g,,,,
alma-layering-box,,,,,,,,Solid perfume,Oud,Perfume,Lolo Vanilla,lotion,Leather luxe,,0,,,deny,manual,360.00,499.00,TRUE,TRUE,,,,,,,,,,,,new,TRUE,,,,,,,g,,,,
alma-layering-box,,,,,,,,Solid perfume,Oud,Perfume,Lolo Vanilla,lotion,Arabia,,0,,,deny,manual,360.00,499.00,TRUE,TRUE,,,,,,,,,,,,new,TRUE,,,,,,,g,,,,
alma-layering-box,,,,,,,,Solid perfume,Oud,Perfume,Lolo Vanilla,lotion,Lolo vanilla,,0,shopify,0,deny,manual,360.00,499.00,TRUE,TRUE,,,,,,,,,,,,new,TRUE,,,,,,,g,,,,
alma-layering-box,,,,,,,,Solid perfume,Sandalwood,Perfume,Alma hair and body perfume,lotion,Sandalwood,,0,,,deny,manual,360.00,499.00,TRUE,TRUE,,,,,,,,,,,,new,TRUE,,,,,,,g,,,,
alma-layering-box,,,,,,,,Solid perfume,Sandalwood,Perfume,Alma hair and body perfume,lotion,Vanilla bloom,,0,,,deny,manual,360.00,499.00,TRUE,TRUE,,,,,,,,,,,,new,TRUE,,,,,,,g,,,,
alma-layering-box,,,,,,,,Solid perfume,Sandalwood,Perfume,Alma hair and body perfume,lotion,Leather luxe,,0,,,deny,manual,360.00,499.00,TRUE,TRUE,,,,,,,,,,,,new,TRUE,,,,,,,g,,,,
alma-layering-box,,,,,,,,Solid perfume,Sandalwood,Perfume,Alma hair and body perfume,lotion,Arabia,,0,,,deny,manual,360.00,499.00,TRUE,TRUE,,,,,,,,,,,,new,TRUE,,,,,,,g,,,,
alma-layering-box,,,,,,,,Solid perfume,Sandalwood,Perfume,Alma hair and body perfume,lotion,Lolo vanilla,,0,,,deny,manual,360.00,499.00,TRUE,TRUE,,,,,,,,,,,,new,TRUE,,,,,,,g,,,,
alma-layering-box,,,,,,,,Solid perfume,Sandalwood,Perfume,Leather luxe,lotion,Sandalwood,,0,,,deny,manual,360.00,499.00,TRUE,TRUE,,,,,,,,,,,,new,TRUE,,,,,,,g,,,,
alma-layering-box,,,,,,,,Solid perfume,Sandalwood,Perfume,Leather luxe,lotion,Vanilla bloom,,0,,,deny,manual,360.00,499.00,TRUE,TRUE,,,,,,,,,,,,new,TRUE,,,,,,,g,,,,
alma-layering-box,,,,,,,,Solid perfume,Sandalwood,Perfume,Leather luxe,lotion,Leather luxe,,0,,,deny,manual,360.00,499.00,TRUE,TRUE,,,,,,,,,,,,new,TRUE,,,,,,,g,,,,
alma-layering-box,,,,,,,,Solid perfume,Sandalwood,Perfume,Leather luxe,lotion,Arabia,,0,,,deny,manual,360.00,499.00,TRUE,TRUE,,,,,,,,,,,,new,TRUE,,,,,,,g,,,,
alma-layering-box,,,,,,,,Solid perfume,Sandalwood,Perfume,Leather luxe,lotion,Lolo vanilla,,0,,,deny,manual,360.00,499.00,TRUE,TRUE,,,,,,,,,,,,new,TRUE,,,,,,,g,,,,
alma-layering-box,,,,,,,,Solid perfume,Sandalwood,Perfume,Lolo Vanilla,lotion,Sandalwood,,0,,,deny,manual,360.00,499.00,TRUE,TRUE,,,,,,,,,,,,new,TRUE,,,,,,,g,,,,
alma-layering-box,,,,,,,,Solid perfume,Sandalwood,Perfume,Lolo Vanilla,lotion,Vanilla bloom,,0,,,deny,manual,360.00,499.00,TRUE,TRUE,,,,,,,,,,,,new,TRUE,,,,,,,g,,,,
alma-layering-box,,,,,,,,Solid perfume,Sandalwood,Perfume,Lolo Vanilla,lotion,Leather luxe,,0,,,deny,manual,360.00,499.00,TRUE,TRUE,,,,,,,,,,,,new,TRUE,,,,,,,g,,,,
alma-layering-box,,,,,,,,Solid perfume,Sandalwood,Perfume,Lolo Vanilla,lotion,Arabia,,0,,,deny,manual,360.00,499.00,TRUE,TRUE,,,,,,,,,,,,new,TRUE,,,,,,,g,,,,
alma-layering-box,,,,,,,,Solid perfume,Sandalwood,Perfume,Lolo Vanilla,lotion,Lolo vanilla,,0,,,deny,manual,360.00,499.00,TRUE,TRUE,,,,,,,,,,,,new,TRUE,,,,,,,g,,,,
alma-layering-box,,,,,,,,Solid perfume,Arabia,Perfume,Alma hair and body perfume,lotion,Sandalwood,,0,,,deny,manual,360.00,499.00,TRUE,TRUE,,,,,,,,,,,,new,TRUE,,,,,,,g,,,,
alma-layering-box,,,,,,,,Solid perfume,Arabia,Perfume,Alma hair and body perfume,lotion,Vanilla bloom,,0,,,deny,manual,360.00,499.00,TRUE,TRUE,,,,,,,,,,,,new,TRUE,,,,,,,g,,,,
alma-layering-box,,,,,,,,Solid perfume,Arabia,Perfume,Alma hair and body perfume,lotion,Leather luxe,,0,,,deny,manual,360.00,499.00,TRUE,TRUE,,,,,,,,,,,,new,TRUE,,,,,,,g,,,,
alma-layering-box,,,,,,,,Solid perfume,Arabia,Perfume,Alma hair and body perfume,lotion,Arabia,,0,,,deny,manual,360.00,499.00,TRUE,TRUE,,,,,,,,,,,,new,TRUE,,,,,,,g,,,,
alma-layering-box,,,,,,,,Solid perfume,Arabia,Perfume,Alma hair and body perfume,lotion,Lolo vanilla,,0,,,deny,manual,360.00,499.00,TRUE,TRUE,,,,,,,,,,,,new,TRUE,,,,,,,g,,,,
alma-layering-box,,,,,,,,Solid perfume,Arabia,Perfume,Leather luxe,lotion,Sandalwood,,0,,,deny,manual,360.00,499.00,TRUE,TRUE,,,,,,,,,,,,new,TRUE,,,,,,,g,,,,
alma-layering-box,,,,,,,,Solid perfume,Arabia,Perfume,Leather luxe,lotion,Vanilla bloom,,0,,,deny,manual,360.00,499.00,TRUE,TRUE,,,,,,,,,,,,new,TRUE,,,,,,,g,,,,
alma-layering-box,,,,,,,,Solid perfume,Arabia,Perfume,Leather luxe,lotion,Leather luxe,,0,,,deny,manual,360.00,499.00,TRUE,TRUE,,,,,,,,,,,,new,TRUE,,,,,,,g,,,,
alma-layering-box,,,,,,,,Solid perfume,Arabia,Perfume,Leather luxe,lotion,Arabia,,0,,,deny,manual,360.00,499.00,TRUE,TRUE,,,,,,,,,,,,new,TRUE,,,,,,,g,,,,
alma-layering-box,,,,,,,,Solid perfume,Arabia,Perfume,Leather luxe,lotion,Lolo vanilla,,0,,,deny,manual,360.00,499.00,TRUE,TRUE,,,,,,,,,,,,new,TRUE,,,,,,,g,,,,
alma-layering-box,,,,,,,,Solid perfume,Arabia,Perfume,Lolo Vanilla,lotion,Sandalwood,,0,,,deny,manual,360.00,499.00,TRUE,TRUE,,,,,,,,,,,,new,TRUE,,,,,,,g,,,,
alma-layering-box,,,,,,,,Solid perfume,Arabia,Perfume,Lolo Vanilla,lotion,Vanilla bloom,,0,,,deny,manual,360.00,499.00,TRUE,TRUE,,,,,,,,,,,,new,TRUE,,,,,,,g,,,,
alma-layering-box,,,,,,,,Solid perfume,Arabia,Perfume,Lolo Vanilla,lotion,Leather luxe,,0,,,deny,manual,360.00,499.00,TRUE,TRUE,,,,,,,,,,,,new,TRUE,,,,,,,g,,,,
alma-layering-box,,,,,,,,Solid perfume,Arabia,Perfume,Lolo Vanilla,lotion,Arabia,,0,,,deny,manual,360.00,499.00,TRUE,TRUE,,,,,,,,,,,,new,TRUE,,,,,,,g,,,,
alma-layering-box,,,,,,,,Solid perfume,Arabia,Perfume,Lolo Vanilla,lotion,Lolo vanilla,,0,,,deny,manual,360.00,499.00,TRUE,TRUE,,,,,,,,,,,,new,TRUE,,,,,,,g,,,,
alma-layering-box,,,,,,,,Solid perfume,Leather luxe,Perfume,Alma hair and body perfume,lotion,Sandalwood,,0,,,deny,manual,360.00,499.00,TRUE,TRUE,,,,,,,,,,,,new,TRUE,,,,,,,g,,,,
alma-layering-box,,,,,,,,Solid perfume,Leather luxe,Perfume,Alma hair and body perfume,lotion,Vanilla bloom,,0,,,deny,manual,360.00,499.00,TRUE,TRUE,,,,,,,,,,,,new,TRUE,,,,,,,g,,,,
alma-layering-box,,,,,,,,Solid perfume,Leather luxe,Perfume,Alma hair and body perfume,lotion,Leather luxe,,0,,,deny,manual,360.00,499.00,TRUE,TRUE,,,,,,,,,,,,new,TRUE,,,,,,,g,,,,
alma-layering-box,,,,,,,,Solid perfume,Leather luxe,Perfume,Alma hair and body perfume,lotion,Arabia,,0,,,deny,manual,360.00,499.00,TRUE,TRUE,,,,,,,,,,,,new,TRUE,,,,,,,g,,,,
alma-layering-box,,,,,,,,Solid perfume,Leather luxe,Perfume,Alma hair and body perfume,lotion,Lolo vanilla,,0,,,deny,manual,360.00,499.00,TRUE,TRUE,,,,,,,,,,,,new,TRUE,,,,,,,g,,,,
alma-layering-box,,,,,,,,Solid perfume,Leather luxe,Perfume,Leather luxe,lotion,Sandalwood,,0,,,deny,manual,360.00,499.00,TRUE,TRUE,,,,,,,,,,,,new,TRUE,,,,,,,g,,,,
alma-layering-box,,,,,,,,Solid perfume,Leather luxe,Perfume,Leather luxe,lotion,Vanilla bloom,,0,,,deny,manual,360.00,499.00,TRUE,TRUE,,,,,,,,,,,,new,TRUE,,,,,,,g,,,,
alma-layering-box,,,,,,,,Solid perfume,Leather luxe,Perfume,Leather luxe,lotion,Leather luxe,,0,,,deny,manual,360.00,499.00,TRUE,TRUE,,,,,,,,,,,,new,TRUE,,,,,,,g,,,,
alma-layering-box,,,,,,,,Solid perfume,Leather luxe,Perfume,Leather luxe,lotion,Arabia,,0,,,deny,manual,360.00,499.00,TRUE,TRUE,,,,,,,,,,,,new,TRUE,,,,,,,g,,,,
alma-layering-box,,,,,,,,Solid perfume,Leather luxe,Perfume,Leather luxe,lotion,Lolo vanilla,,0,,,deny,manual,360.00,499.00,TRUE,TRUE,,,,,,,,,,,,new,TRUE,,,,,,,g,,,,
alma-layering-box,,,,,,,,Solid perfume,Leather luxe,Perfume,Lolo Vanilla,lotion,Sandalwood,,0,,,deny,manual,360.00,499.00,TRUE,TRUE,,,,,,,,,,,,new,TRUE,,,,,,,g,,,,
alma-layering-box,,,,,,,,Solid perfume,Leather luxe,Perfume,Lolo Vanilla,lotion,Vanilla bloom,,0,,,deny,manual,360.00,499.00,TRUE,TRUE,,,,,,,,,,,,new,TRUE,,,,,,,g,,,,
alma-layering-box,,,,,,,,Solid perfume,Leather luxe,Perfume,Lolo Vanilla,lotion,Leather luxe,,0,,,deny,manual,360.00,499.00,TRUE,TRUE,,,,,,,,,,,,new,TRUE,,,,,,,g,,,,
alma-layering-box,,,,,,,,Solid perfume,Leather luxe,Perfume,Lolo Vanilla,lotion,Arabia,,0,,,deny,manual,360.00,499.00,TRUE,TRUE,,,,,,,,,,,,new,TRUE,,,,,,,g,,,,
alma-layering-box,,,,,,,,Solid perfume,Leather luxe,Perfume,Lolo Vanilla,lotion,Lolo vanilla,,0,,,deny,manual,360.00,499.00,TRUE,TRUE,,,,,,,,,,,,new,TRUE,,,,,,,g,,,,
alma-layering-box,,,,,,,,Solid perfume,Lolo vanilla,Perfume,Alma hair and body perfume,lotion,Sandalwood,,0,,,deny,manual,360.00,499.00,TRUE,TRUE,,,,,,,,,,,,new,TRUE,,,,,,,g,,,,
alma-layering-box,,,,,,,,Solid perfume,Lolo vanilla,Perfume,Alma hair and body perfume,lotion,Vanilla bloom,,0,,,deny,manual,360.00,499.00,TRUE,TRUE,,,,,,,,,,,,new,TRUE,,,,,,,g,,,,
alma-layering-box,,,,,,,,Solid perfume,Lolo vanilla,Perfume,Alma hair and body perfume,lotion,Leather luxe,,0,,,deny,manual,360.00,499.00,TRUE,TRUE,,,,,,,,,,,,new,TRUE,,,,,,,g,,,,
alma-layering-box,,,,,,,,Solid perfume,Lolo vanilla,Perfume,Alma hair and body perfume,lotion,Arabia,,0,,,deny,manual,360.00,499.00,TRUE,TRUE,,,,,,,,,,,,new,TRUE,,,,,,,g,,,,
alma-layering-box,,,,,,,,Solid perfume,Lolo vanilla,Perfume,Alma hair and body perfume,lotion,Lolo vanilla,,0,,,deny,manual,360.00,499.00,TRUE,TRUE,,,,,,,,,,,,new,TRUE,,,,,,,g,,,,
alma-layering-box,,,,,,,,Solid perfume,Lolo vanilla,Perfume,Leather luxe,lotion,Sandalwood,,0,,,deny,manual,360.00,499.00,TRUE,TRUE,,,,,,,,,,,,new,TRUE,,,,,,,g,,,,
alma-layering-box,,,,,,,,Solid perfume,Lolo vanilla,Perfume,Leather luxe,lotion,Vanilla bloom,,0,,,deny,manual,360.00,499.00,TRUE,TRUE,,,,,,,,,,,,new,TRUE,,,,,,,g,,,,
alma-layering-box,,,,,,,,Solid perfume,Lolo vanilla,Perfume,Leather luxe,lotion,Leather luxe,,0,,,deny,manual,360.00,499.00,TRUE,TRUE,,,,,,,,,,,,new,TRUE,,,,,,,g,,,,
alma-layering-box,,,,,,,,Solid perfume,Lolo vanilla,Perfume,Leather luxe,lotion,Arabia,,0,,,deny,manual,360.00,499.00,TRUE,TRUE,,,,,,,,,,,,new,TRUE,,,,,,,g,,,,
alma-layering-box,,,,,,,,Solid perfume,Lolo vanilla,Perfume,Leather luxe,lotion,Lolo vanilla,,0,,,deny,manual,360.00,499.00,TRUE,TRUE,,,,,,,,,,,,new,TRUE,,,,,,,g,,,,
alma-layering-box,,,,,,,,Solid perfume,Lolo vanilla,Perfume,Lolo Vanilla,lotion,Sandalwood,,0,,,deny,manual,360.00,499.00,TRUE,TRUE,,,,,,,,,,,,new,TRUE,,,,,,,g,,,,
alma-layering-box,,,,,,,,Solid perfume,Lolo vanilla,Perfume,Lolo Vanilla,lotion,Vanilla bloom,,0,,,deny,manual,360.00,499.00,TRUE,TRUE,,,,,,,,,,,,new,TRUE,,,,,,,g,,,,
alma-layering-box,,,,,,,,Solid perfume,Lolo vanilla,Perfume,Lolo Vanilla,lotion,Leather luxe,,0,,,deny,manual,360.00,499.00,TRUE,TRUE,,,,,,,,,,,,new,TRUE,,,,,,,g,,,,
alma-layering-box,,,,,,,,Solid perfume,Lolo vanilla,Perfume,Lolo Vanilla,lotion,Arabia,,0,,,deny,manual,360.00,499.00,TRUE,TRUE,,,,,,,,,,,,new,TRUE,,,,,,,g,,,,
alma-layering-box,,,,,,,,Solid perfume,Lolo vanilla,Perfume,Lolo Vanilla,lotion,Lolo vanilla,,0,shopify,0,deny,manual,360.00,499.00,TRUE,TRUE,,,,,,,,,,,,new,TRUE,,,,,,,g,,,,
alma-layering-box,,,,,,,,Solid perfume,Vanilla bloom,Perfume,Alma hair and body perfume,lotion,Oud,,0,shopify,0,deny,manual,360.00,499.00,TRUE,TRUE,,,,,,,,,,,,new,TRUE,,,,,,,g,,,,
alma-layering-box,,,,,,,,Solid perfume,Vanilla bloom,Perfume,Alma hair and body perfume,lotion,Sandalwood,,0,shopify,0,deny,manual,360.00,499.00,TRUE,TRUE,,,,,,,,,,,,new,TRUE,,,,,,,g,,,,
alma-layering-box,,,,,,,,Solid perfume,Vanilla bloom,Perfume,Alma hair and body perfume,lotion,Vanilla bloom,,0,shopify,0,deny,manual,360.00,499.00,TRUE,TRUE,,,,,,,,,,,,new,TRUE,,,,,,,g,,,,
alma-layering-box,,,,,,,,Solid perfume,Vanilla bloom,Perfume,Alma hair and body perfume,lotion,Leather luxe,,0,shopify,0,deny,manual,360.00,499.00,TRUE,TRUE,,,,,,,,,,,,new,TRUE,,,,,,,g,,,,
alma-layering-box,,,,,,,,Solid perfume,Vanilla bloom,Perfume,Alma hair and body perfume,lotion,Arabia,,0,shopify,0,deny,manual,360.00,499.00,TRUE,TRUE,,,,,,,,,,,,new,TRUE,,,,,,,g,,,,
alma-layering-box,,,,,,,,Solid perfume,Vanilla bloom,Perfume,Alma hair and body perfume,lotion,Lolo vanilla,,0,shopify,0,deny,manual,360.00,499.00,TRUE,TRUE,,,,,,,,,,,,new,TRUE,,,,,,,g,,,,
alma-layering-box,,,,,,,,Solid perfume,Vanilla bloom,Perfume,Leather luxe,lotion,Oud,,0,shopify,0,deny,manual,360.00,499.00,TRUE,TRUE,,,,,,,,,,,,new,TRUE,,,,,,,g,,,,
alma-layering-box,,,,,,,,Solid perfume,Vanilla bloom,Perfume,Leather luxe,lotion,Sandalwood,,0,shopify,0,deny,manual,360.00,499.00,TRUE,TRUE,,,,,,,,,,,,new,TRUE,,,,,,,g,,,,
alma-layering-box,,,,,,,,Solid perfume,Vanilla bloom,Perfume,Leather luxe,lotion,Vanilla bloom,,0,shopify,0,deny,manual,360.00,499.00,TRUE,TRUE,,,,,,,,,,,,new,TRUE,,,,,,,g,,,,
alma-layering-box,,,,,,,,Solid perfume,Vanilla bloom,Perfume,Leather luxe,lotion,Leather luxe,,0,shopify,0,deny,manual,360.00,499.00,TRUE,TRUE,,,,,,,,,,,,new,TRUE,,,,,,,g,,,,
alma-layering-box,,,,,,,,Solid perfume,Vanilla bloom,Perfume,Leather luxe,lotion,Arabia,,0,shopify,0,deny,manual,360.00,499.00,TRUE,TRUE,,,,,,,,,,,,new,TRUE,,,,,,,g,,,,
alma-layering-box,,,,,,,,Solid perfume,Vanilla bloom,Perfume,Leather luxe,lotion,Lolo vanilla,,0,shopify,0,deny,manual,360.00,499.00,TRUE,TRUE,,,,,,,,,,,,new,TRUE,,,,,,,g,,,,
alma-layering-box,,,,,,,,Solid perfume,Vanilla bloom,Perfume,Lolo Vanilla,lotion,Oud,,0,shopify,0,deny,manual,360.00,499.00,TRUE,TRUE,,,,,,,,,,,,new,TRUE,,,,,,,g,,,,
alma-layering-box,,,,,,,,Solid perfume,Vanilla bloom,Perfume,Lolo Vanilla,lotion,Sandalwood,,0,shopify,0,deny,manual,360.00,499.00,TRUE,TRUE,,,,,,,,,,,,new,TRUE,,,,,,,g,,,,
alma-layering-box,,,,,,,,Solid perfume,Vanilla bloom,Perfume,Lolo Vanilla,lotion,Vanilla bloom,,0,shopify,0,deny,manual,360.00,499.00,TRUE,TRUE,,,,,,,,,,,,new,TRUE,,,,,,,g,,,,
alma-layering-box,,,,,,,,Solid perfume,Vanilla bloom,Perfume,Lolo Vanilla,lotion,Leather luxe,,0,shopify,0,deny,manual,360.00,499.00,TRUE,TRUE,,,,,,,,,,,,new,TRUE,,,,,,,g,,,,
alma-layering-box,,,,,,,,Solid perfume,Vanilla bloom,Perfume,Lolo Vanilla,lotion,Arabia,,0,shopify,0,deny,manual,360.00,499.00,TRUE,TRUE,,,,,,,,,,,,new,TRUE,,,,,,,g,,,,
alma-layering-box,,,,,,,,Solid perfume,Vanilla bloom,Perfume,Lolo Vanilla,lotion,Lolo vanilla,,0,shopify,0,deny,manual,360.00,499.00,TRUE,TRUE,,,,,,,,,,,,new,TRUE,,,,,,,g,,,,
alma-mini-hand-and-body-lotion,Alma Daily Essentials Lotion,"<p><span>Your skin’s new pocket-sized bestie! Our Hand &amp; Body Lotion is perfect for on-the-go hydration—soft, smooth, and never sticky. Glow wherever you go.</span></p>
<p><span>Each: 90 grams.</span></p>",Alma Fragrances,Health & Beauty > Personal Care > Cosmetics > Perfumes & Colognes,,"collection-start-here, collection-alma-hands-and-body-lotions-collections, collection-best-sellers",TRUE,Scents,Oud,,,,,,0,,,deny,manual,40.00,50.00,TRUE,TRUE,,https://cdn.shopify.com/s/files/1/0859/6150/7108/files/2DBB8FD0-6FF7-44B3-9E4D-0D5264A2DC93.jpg?v=1752846245,1,Alma Daily Essentials Lotion — image 1,FALSE,Alma Daily Essentials Lotion,"Your skin’s new pocket-sized bestie! Our Hand & Body Lotion is perfect for on-the-go hydration—soft, smooth, and never sticky. Glow wherever you go. Each: 90 grams.",,,,,new,TRUE,,,,,,,g,,,active,Alma lotions
alma-mini-hand-and-body-lotion,,,,,,,,Scents,Sandalwood,,,,,,0,,,deny,manual,40.00,50.00,TRUE,TRUE,,,,,,,,,,,,new,TRUE,,,,,,,g,,,,
alma-mini-hand-and-body-lotion,,,,,,,,Scents,Arabia,,,,,,0,,,deny,manual,40.00,50.00,TRUE,TRUE,,,,,,,,,,,,new,TRUE,,,,,,,g,,,,
alma-mini-hand-and-body-lotion,,,,,,,,Scents,Leather luxe,,,,,,0,,,deny,manual,40.00,50.00,TRUE,TRUE,,,,,,,,,,,,new,TRUE,,,,,,,g,,,,
alma-mini-hand-and-body-lotion,,,,,,,,Scents,Vanilla bloom,,,,,,0,,,deny,manual,40.00,50.00,TRUE,TRUE,,,,,,,,,,,,new,TRUE,,,,,,,g,,,,
alma-mini-hand-and-body-lotion,,,,,,,,Scents,Luma mini lotion,,,,,,0,,,deny,manual,40.00,50.00,TRUE,TRUE,,,,,,,,,,,,new,TRUE,,,,,,,g,,,,
alma-mini-hand-and-body-lotion,,,,,,,,Scents,Lolo vanilla,,,,,,0,,,deny,manual,40.00,50.00,TRUE,TRUE,,,,,,,,,,,,new,TRUE,,,,,,,g,,,,
lolo-vanilla-perfume,Lolo Vanilla perfume,"<p><span>Soft, powdery, and effortlessly elegant. Lolo Vanilla blends fresh floral notes with warm white musk and creamy vanilla for a scent that’s gentle, comforting, and long-lasting.</span></p>
<p> </p>
<p><span>Notes: Powder, Floral, White Musk, Vanilla</span></p>
<p><span>#SmellLikeAlma</span></p>",Alma Fragrances,Health & Beauty > Personal Care > Cosmetics > Perfumes & Colognes,,"collection-alma-perfumes, collection-soft-and-clean",TRUE,Title,Default Title,,,,,,0,,,deny,manual,180.00,199.00,TRUE,TRUE,,https://cdn.shopify.com/s/files/1/0859/6150/7108/files/8731DE14-186C-4A79-A58E-2A0A7F092769.jpg?v=1742304666,1,Lolo Vanilla perfume — image 1,FALSE,Lolo Vanilla perfume,"Soft, powdery, and effortlessly elegant. Lolo Vanilla blends fresh floral notes with warm white musk and creamy vanilla for a scent that’s gentle, comforting, and long-lasting. Notes: Powder, Floral, White Musk, Vanilla #SmellLikeAlma",,,,,new,TRUE,,,,,,,g,,,active,Alma perfumes
alma-arabia-hand-and-body-lotion,Alma hands and body lotion,"<p dir=""rtl"" class=""p2""><span class=""s2"">Deeply hydrate your skin with our </span><span class=""s3"">Alma Hand &amp; Body Cream</span><span class=""s2"">—rich in </span><span class=""s3"">almond and coconut oils</span><span class=""s2""> for lasting softness. Fast-absorbing, non-greasy, and available in </span><span class=""s3"">200ml</span><span class=""s2""> with your favorite Alma scents!</span></p>",Alma Fragrances,Health & Beauty > Personal Care > Cosmetics > Perfumes & Colognes,,"collection-alma-hands-and-body-lotions-collections, collection-arabic-and-deep, collection-soft-and-clean, collection-warm-and-bold",TRUE,Container,Pump bottle 300 grams,Scents,Oud,,,,0,,,deny,manual,99.00,170.00,TRUE,TRUE,,https://cdn.shopify.com/s/files/1/0859/6150/7108/files/4CF39690-DF1F-4DC3-83EA-37DFA8A404F5.jpg?v=1742295154,1,Alma hands and body lotion — image 1,FALSE,Alma hands and body lotion,"Deeply hydrate your skin with our Alma Hand & Body Cream —rich in almond and coconut oils for lasting softness. Fast-absorbing, non-greasy, and available in 200ml with your favorite Alma scents!",,,,,new,TRUE,,,,,,,g,,,active,Alma lotions
alma-arabia-hand-and-body-lotion,,,,,,,,Container,Pump bottle 300 grams,Scents,Sandalwood,,,,0,,,deny,manual,99.00,170.00,TRUE,TRUE,,https://cdn.shopify.com/s/files/1/0859/6150/7108/files/B3BE0276-88D0-4AAF-8ED5-298F3EE73174.jpg?v=1742294794,2,Alma hands and body lotion — image 2,,,,,,,,new,TRUE,,,,,,,g,,,,
alma-arabia-hand-and-body-lotion,,,,,,,,Container,Pump bottle 300 grams,Scents,Arabia,,,,0,,,deny,manual,99.00,170.00,TRUE,TRUE,,,,,,,,,,,,new,TRUE,,,,,,,g,,,,
alma-arabia-hand-and-body-lotion,,,,,,,,Container,Pump bottle 300 grams,Scents,Leather luxe,,,,0,,,deny,manual,99.00,170.00,TRUE,TRUE,,,,,,,,,,,,new,TRUE,,,,,,,g,,,,
alma-arabia-hand-and-body-lotion,,,,,,,,Container,Pump bottle 300 grams,Scents,Vanilla bloom,,,,0,,,deny,manual,99.00,170.00,TRUE,TRUE,,,,,,,,,,,,new,TRUE,,,,,,,g,,,,
alma-arabia-hand-and-body-lotion,,,,,,,,Container,Pump bottle 300 grams,Scents,Lolo Vanilla,,,,0,,,deny,manual,99.00,170.00,TRUE,TRUE,,,,,,,,,,,,new,TRUE,,,,,,,g,,,,
alma-arabia-hand-and-body-lotion,,,,,,,,Container,Jar 250 grams,Scents,Oud,,,,0,,,deny,manual,99.00,170.00,TRUE,TRUE,,,,,,,,,,,,new,TRUE,,,,,,,g,,,,
alma-arabia-hand-and-body-lotion,,,,,,,,Container,Jar 250 grams,Scents,Sandalwood,,,,0,,,deny,manual,99.00,170.00,TRUE,TRUE,,,,,,,,,,,,new,TRUE,,,,,,,g,,,,
alma-arabia-hand-and-body-lotion,,,,,,,,Container,Jar 250 grams,Scents,Arabia,,,,0,,,deny,manual,99.00,170.00,TRUE,TRUE,,,,,,,,,,,,new,TRUE,,,,,,,g,,,,
alma-arabia-hand-and-body-lotion,,,,,,,,Container,Jar 250 grams,Scents,Leather luxe,,,,0,,,deny,manual,99.00,170.00,TRUE,TRUE,,,,,,,,,,,,new,TRUE,,,,,,,g,,,,
alma-arabia-hand-and-body-lotion,,,,,,,,Container,Jar 250 grams,Scents,Vanilla bloom,,,,0,,,deny,manual,99.00,170.00,TRUE,TRUE,,,,,,,,,,,,new,TRUE,,,,,,,g,,,,
alma-arabia-hand-and-body-lotion,,,,,,,,Container,Jar 250 grams,Scents,Lolo Vanilla,,,,0,,,deny,manual,99.00,170.00,TRUE,TRUE,,,,,,,,,,,,new,TRUE,,,,,,,g,,,,
alma-leather-luxe-perfume,Alma leather luxe perfume,"<p dir=""rtl""> <span>Luxury in a bottle. Leather Locks (50ml) now comes in a spray—leather and tobacco perfection.</span></p>",Alma Fragrances,Health & Beauty > Personal Care > Cosmetics > Perfumes & Colognes,,"collection-alma-perfumes, collection-warm-and-bold",TRUE,Title,Default Title,,,,,,0,,,deny,manual,180.00,199.00,TRUE,TRUE,,https://cdn.shopify.com/s/files/1/0859/6150/7108/files/31B9665B-0049-438A-B964-047875DF3DC3.jpg?v=1742289969,1,Alma leather luxe perfume — image 1,FALSE,Alma leather luxe perfume,Luxury in a bottle. Leather Locks (50ml) now comes in a spray—leather and tobacco perfection.,,,,,new,TRUE,,,,,,,g,,,active,Alma perfumes
alma-leather-luxe-perfume,,,,,,,,,,,,,,,,,,,,,,,,,https://cdn.shopify.com/s/files/1/0859/6150/7108/files/84AF052C-8ADC-4892-AE23-A19B300986A2.jpg?v=1742289969,2,Alma leather luxe perfume — image 2,,,,,,,,,,,,,,,,,,,,
alma-leather-luxe-perfume,,,,,,,,,,,,,,,,,,,,,,,,,https://cdn.shopify.com/s/files/1/0859/6150/7108/files/820774D8-00A4-4FCB-9B66-22571A6D0857.jpg?v=1742303023,3,Alma leather luxe perfume — image 3,,,,,,,,,,,,,,,,,,,,
alma-hair-and-body-perfume,Alma perfume,"<p><span>Our Best Seller. A rich blend of saffron and bahur that leaves a warm, luxurious trail and lasts all day. Once you try it, it becomes your signature scent.</span></p>
<p><span>Add it to your collection today.</span></p>
<p><span>size : 50 ml.</span></p>",Alma Fragrances,Health & Beauty > Personal Care > Cosmetics > Perfumes & Colognes,,"collection-alma-perfumes, collection-arabic-and-deep, collection-best-sellers",TRUE,Title,Default Title,,,,,,0,,,deny,manual,180.00,195.00,TRUE,TRUE,,https://cdn.shopify.com/s/files/1/0859/6150/7108/files/D17B22B5-DD64-4133-BDB0-79778A5D35A4.jpg?v=1731399586,1,Alma perfume — image 1,FALSE,Alma perfume,"Our Best Seller. A rich blend of saffron and bahur that leaves a warm, luxurious trail and lasts all day. Once you try it, it becomes your signature scent. Add it to your collection today. size : 50 ml.",,,,,new,TRUE,,,,,,,g,,,active,Alma perfumes
